run_name,n_episodes,success_rate,success_rate_se,avg_steps,avg_steps_se,shortcut_frac,shortcut_frac_se,distance_mae_vs_true,distance_corr_vs_true,distance_mae_vs_graph,distance_corr_vs_graph,shortcut_success_rate,shortcut_success_rate_se,shortcut_avg_length,shortcut_avg_length_se,n_shortcuts_evaluated,t_collection,t_heuristic_training,t_heuristic_pruning,t_policy_training,t_add_shortcuts,t_evaluation
sweep_cd_cmd_ch5_s42,10,1.0,0.0,277.1,4.643872904759082,0.0,0.0,nan,nan,nan,nan,nan,nan,nan,nan,0,0.0,0.0,0.0,3.1139440536499023,0.14936184883117676,13469.239877223969
sweep_cd_cmd_nores_ch7_s42,10,1.0,0.0,293.8,11.305652470237078,0.0,0.0,nan,nan,nan,nan,nan,nan,nan,nan,0,0.0,0.0,0.0,3.3810887336730957,0.14784526824951172,12875.876770973206
sweep_cd_cmd_ucb100_ch6_s42,10,1.0,0.0,312.9,22.782278688099268,0.0,0.0,nan,nan,nan,nan,nan,nan,nan,nan,0,0.0,0.0,0.0,3.4370760917663574,0.15074658393859863,14976.747117519379
sweep_cd_cmd_ucb1_ch6_s42,10,1.0,0.0,302.9,12.196037607900909,0.0,0.0,nan,nan,nan,nan,nan,nan,nan,nan,0,0.0,0.0,0.0,3.4408063888549805,0.1477806568145752,13838.931358098984
sweep_cd_cmd_unif_ch6_s42,10,1.0,0.0,284.5,8.54562916219618,0.0,0.0,nan,nan,nan,nan,nan,nan,nan,nan,0,0.0,0.0,0.0,3.4890568256378174,0.1473398208618164,13004.87031674385
sweep_cd_crl_ch5_s42,10,1.0,0.0,323.9,18.53971712597339,0.0,0.0,nan,nan,nan,nan,nan,nan,nan,nan,0,0.0,0.0,0.0,2.990510940551758,0.15005922317504883,15611.700731515884
sweep_cd_crl_nores_ch7_s42,10,1.0,0.0,298.0,17.066536457836623,0.0,0.0,nan,nan,nan,nan,nan,nan,nan,nan,0,0.0,0.0,0.0,3.446514129638672,0.14936113357543945,12595.104443073273
sweep_cd_crl_ucb100_ch6_s42,10,1.0,0.0,282.8,6.118823416311342,0.0,0.0,nan,nan,nan,nan,nan,nan,nan,nan,0,0.0,0.0,0.0,3.3904693126678467,0.1492934226989746,11747.703666210175
sweep_cd_crl_ucb1_ch6_s42,10,1.0,0.0,298.0,17.066536457836623,0.0,0.0,nan,nan,nan,nan,nan,nan,nan,nan,0,0.0,0.0,0.0,3.378730297088623,0.1490025520324707,12594.462287664413
sweep_cd_crl_unif_ch6_s42,10,1.0,0.0,287.3,8.174554014338232,0.0,0.0,nan,nan,nan,nan,nan,nan,nan,nan,0,0.0,0.0,0.0,3.371314525604248,0.15065431594848633,12397.18657207489
sweep_cd_dsac_ch5_s42,10,1.0,0.0,290.4,19.210645197100717,0.1,0.09486832980505139,nan,nan,nan,nan,nan,nan,nan,nan,0,0.0,0.0,0.0,3.0048396587371826,0.14842772483825684,15037.077171087265
sweep_cd_dsac_nores_ch7_s42,10,1.0,0.0,298.1,15.909081962479446,0.0,0.0,nan,nan,nan,nan,nan,nan,nan,nan,0,0.0,0.0,0.0,3.5504777431488037,0.15107297897338867,12462.74616074562
sweep_cd_dsac_ucb100_ch6_s42,10,1.0,0.0,322.7,22.20112609756541,0.0,0.0,nan,nan,nan,nan,nan,nan,nan,nan,0,0.0,0.0,0.0,3.4862051010131836,0.14891529083251953,15534.098405361176
sweep_cd_dsac_ucb1_ch6_s42,10,1.0,0.0,298.4,7.41799613552519,0.0,0.0,nan,nan,nan,nan,nan,nan,nan,nan,0,0.0,0.0,0.0,3.5239109992980957,0.15112638473510742,13785.76422381401
sweep_cd_dsac_unif_ch6_s42,10,1.0,0.0,297.0,15.468965346424719,0.0,0.0,nan,nan,nan,nan,nan,nan,nan,nan,0,0.0,0.0,0.0,3.511756420135498,0.15018486976623535,13421.322786331177
sweep_cd_none_ch5_s42,10,1.0,0.0,298.2,15.341881675118387,0.0,0.0,nan,nan,nan,nan,nan,nan,nan,nan,0,0.0,0.0,0.0,3.1342179775238037,0.1500236988067627,14791.20243024826
sweep_cd_pure_plan_ch5_s42,10,1.0,0.0,289.7,8.560957890329798,0.0,0.0,nan,nan,nan,nan,nan,nan,nan,nan,0,0.0,0.0,0.0,2.790405035018921,2.1457672119140625e-05,11330.793681383133
sweep_cd_pure_plan_s42,10,1.0,0.0,279.8,3.385590380158566,0.0,0.0,nan,nan,nan,nan,nan,nan,nan,nan,0,0.0,0.0,0.0,2.8814287185668945,0.14770174026489258,12762.096729040146
sweep_cd_routs_ch5_s42,10,1.0,0.0,265.1,17.470896434419796,0.4,0.15491933384829668,nan,nan,nan,nan,nan,nan,nan,nan,0,0.0,0.0,0.0,2.77174711227417,0.1481001377105713,12369.145586252213
sweep_cd_sac_ch5_s42,10,1.0,0.0,283.1,10.150478915904522,0.0,0.0,nan,nan,nan,nan,nan,nan,nan,nan,0,0.0,0.0,0.0,2.984443426132202,0.14643096923828125,13340.537570476532
sweep_cd_sac_nores_ch7_s42,10,1.0,0.0,277.4,3.789459064299283,0.0,0.0,nan,nan,nan,nan,nan,nan,nan,nan,0,0.0,0.0,0.0,3.463541269302368,0.15101289749145508,10649.0340487957
sweep_cd_sac_ucb100_ch6_s42,10,1.0,0.0,280.5,7.163565220382003,0.0,0.0,nan,nan,nan,nan,nan,nan,nan,nan,0,0.0,0.0,0.0,3.4705238342285156,0.15053033828735352,10782.291084051132
sweep_cd_sac_ucb1_ch6_s42,10,1.0,0.0,283.6,6.852736679604726,0.0,0.0,nan,nan,nan,nan,nan,nan,nan,nan,0,0.0,0.0,0.0,3.483607292175293,0.15071606636047363,10154.17165517807
sweep_cd_sac_unif_ch6_s42,10,1.0,0.0,282.5,5.319252244859651,0.0,0.0,nan,nan,nan,nan,nan,nan,nan,nan,0,0.0,0.0,0.0,3.5052764415740967,0.14746379852294922,10229.971680879593
sweep_cd_srouts_ch5_s42,10,0.9,0.09486832980505137,278.2,50.04460232854511,0.6,0.15491933384829668,nan,nan,nan,nan,nan,nan,nan,nan,0,0.0,0.0,0.0,2.5908100605010986,0.14891743659973145,10837.655557870865
sweep_ct_cmd_ch5_s42,10,0.8,0.12649110640673517,368.5,7.895498013988027,0.0,0.0,nan,nan,nan,nan,nan,nan,nan,nan,0,0.0,0.0,0.0,1.157484531402588,0.0747368335723877,28294.719681978226
sweep_ct_cmd_nores_ch7_s42,10,0.8,0.12649110640673517,379.9,14.238016403667721,0.0,0.0,nan,nan,nan,nan,nan,nan,nan,nan,0,0.0,0.0,0.0,1.462447166442871,0.07486176490783691,32007.07793712616
sweep_ct_cmd_ucb100_ch6_s42,10,1.0,0.0,381.4,21.98898714255742,0.0,0.0,nan,nan,nan,nan,nan,nan,nan,nan,0,0.0,0.0,0.0,1.7811086177825928,0.07343792915344238,29453.205579042435
sweep_ct_cmd_ucb1_ch6_s42,10,0.8,0.12649110640673517,453.7,58.83688374556293,0.0,0.0,nan,nan,nan,nan,nan,nan,nan,nan,0,0.0,0.0,0.0,1.5224480628967285,0.07376432418823242,37884.90365982056
sweep_ct_cmd_unif_ch6_s42,10,1.0,0.0,375.8,5.860982094419938,0.0,0.0,nan,nan,nan,nan,nan,nan,nan,nan,0,0.0,0.0,0.0,1.5154507160186768,0.07699775695800781,29386.46556043625
sweep_ct_crl_ch5_s42,10,0.9,0.09486832980505137,439.7,57.91565706554086,0.0,0.0,nan,nan,nan,nan,nan,nan,nan,nan,0,0.0,0.0,0.0,1.1785812377929688,0.07374954223632812,33340.2934179306
sweep_ct_crl_nores_ch7_s42,10,1.0,0.0,383.7,6.784049921199971,0.0,0.0,nan,nan,nan,nan,nan,nan,nan,nan,0,0.0,0.0,0.0,1.4953367710113525,0.07461404800415039,30554.636003255844
sweep_ct_crl_ucb100_ch6_s42,10,0.8,0.12649110640673517,389.2,11.714947716485975,0.0,0.0,nan,nan,nan,nan,nan,nan,nan,nan,0,0.0,0.0,0.0,1.486079454421997,0.07353973388671875,30988.80584359169
sweep_ct_crl_ucb1_ch6_s42,10,1.0,0.0,383.7,6.784049921199971,0.0,0.0,nan,nan,nan,nan,nan,nan,nan,nan,0,0.0,0.0,0.0,1.484429121017456,0.07542777061462402,30558.806387901306
sweep_ct_crl_unif_ch6_s42,10,1.0,0.0,391.5,8.030843320875114,0.0,0.0,nan,nan,nan,nan,nan,nan,nan,nan,0,0.0,0.0,0.0,1.481950283050537,0.07575273513793945,33708.12588953972
sweep_ct_dsac_ch5_s42,10,0.9,0.09486832980505137,397.1,17.92295238576006,0.0,0.0,nan,nan,nan,nan,nan,nan,nan,nan,0,0.0,0.0,0.0,1.1844396591186523,0.07466983795166016,31492.386630296707
sweep_ct_dsac_nores_ch7_s42,10,0.8,0.12649110640673517,382.5,5.198824653494073,0.0,0.0,nan,nan,nan,nan,nan,nan,nan,nan,0,0.0,0.0,0.0,1.478057861328125,0.0746164321899414,34064.68395328522
sweep_ct_dsac_ucb100_ch6_s42,10,0.8,0.12649110640673517,464.1,55.29184187362343,0.0,0.0,nan,nan,nan,nan,nan,nan,nan,nan,0,0.0,0.0,0.0,1.420274257659912,0.07387018203735352,29271.791949272156
sweep_ct_dsac_ucb1_ch6_s42,10,0.8,0.12649110640673517,397.0,16.267896128401006,0.0,0.0,nan,nan,nan,nan,nan,nan,nan,nan,0,0.0,0.0,0.0,1.432321548461914,0.07429265975952148,31979.465051412582
sweep_ct_dsac_unif_ch6_s42,10,0.9,0.09486832980505137,397.8,19.29121849731403,0.0,0.0,nan,nan,nan,nan,nan,nan,nan,nan,0,0.0,0.0,0.0,1.4595632553100586,0.0737769603729248,30566.793142080307
sweep_ct_none_ch5_s42,10,0.9,0.09486832980505137,400.3,24.377608122573836,0.0,0.0,nan,nan,nan,nan,nan,nan,nan,nan,0,0.0,0.0,0.0,1.1877021789550781,0.07273411750793457,30882.67871761322
sweep_ct_pure_plan_ch5_s42,10,0.8,0.12649110640673517,438.3,59.72084132770476,0.0,0.0,nan,nan,nan,nan,nan,nan,nan,nan,0,0.0,0.0,0.0,1.1842472553253174,2.1457672119140625e-05,23406.603798389435
sweep_ct_routs_ch5_s42,10,1.0,0.0,375.3,6.526952666529083,0.2,0.1264911064067352,nan,nan,nan,nan,nan,nan,nan,nan,0,0.0,0.0,0.0,1.2770636081695557,0.07224750518798828,35412.991359233856
sweep_ct_sac_ch5_s42,10,0.9,0.09486832980505137,387.1,20.69806754264755,0.0,0.0,nan,nan,nan,nan,nan,nan,nan,nan,0,0.0,0.0,0.0,1.2338252067565918,0.07548046112060547,33085.947714567184
sweep_ct_sac_nores_ch7_s42,10,1.0,0.0,405.3,18.619613314996634,0.0,0.0,nan,nan,nan,nan,nan,nan,nan,nan,0,0.0,0.0,0.0,1.4107766151428223,0.07386636734008789,41103.64505004883
sweep_ct_sac_ucb100_ch6_s42,10,0.7,0.14491376746189438,397.1,13.11610545178035,0.0,0.0,nan,nan,nan,nan,nan,nan,nan,nan,0,0.0,0.0,0.0,1.47111177444458,0.07542181015014648,24143.310936927795
sweep_ct_sac_ucb1_ch6_s42,10,0.8,0.12649110640673517,389.0,14.749011266296236,0.0,0.0,nan,nan,nan,nan,nan,nan,nan,nan,0,0.0,0.0,0.0,1.4667069911956787,0.07571744918823242,25093.118792057037
sweep_ct_sac_unif_ch6_s42,10,0.9,0.09486832980505137,444.3,61.79105472837023,0.0,0.0,nan,nan,nan,nan,nan,nan,nan,nan,0,0.0,0.0,0.0,1.4563305377960205,0.07555937767028809,22124.869663476944
sweep_ct_srouts_ch5_s42,10,0.8,0.12649110640673517,366.3,9.659825165199534,0.2,0.1264911064067352,nan,nan,nan,nan,nan,nan,nan,nan,0,0.0,0.0,0.0,1.1953511238098145,0.07215762138366699,26909.743468761444
sweep_o2_cmd_ch5_s42,10,1.0,0.0,21.9,0.348010216963685,1.0,0.0,nan,nan,nan,nan,nan,nan,nan,nan,0,0.01172184944152832,3849.589295864105,1.4218385219573975,426.6320300102234,0.004786491394042969,83.74940276145935
sweep_o2_cmd_nograd_ch7_s42,10,1.0,0.0,28.6,0.30550504633038933,0.0,0.0,nan,nan,nan,nan,nan,nan,nan,nan,0,0.025188446044921875,15144.864303350449,0.9312803745269775,92.50233507156372,0.005295276641845703,98.67215609550476
sweep_o2_cmd_nores_ch7_s42,10,1.0,0.0,28.6,0.30550504633038933,0.0,0.0,nan,nan,nan,nan,nan,nan,nan,nan,0,0.014132499694824219,10736.368799686432,0.8527095317840576,135.48927545547485,0.004945278167724609,47.13828897476196
sweep_o2_cmd_ucb01_ch6_s42,10,1.0,0.0,28.6,0.30550504633038933,0.0,0.0,nan,nan,nan,nan,nan,nan,nan,nan,0,0.01739192008972168,9921.705048084259,0.8541169166564941,82.92198252677917,0.005207538604736328,75.0013165473938
sweep_o2_cmd_ucb100_ch6_s42,10,1.0,0.0,27.0,0.3333333333333333,0.5,0.15811388300841897,nan,nan,nan,nan,nan,nan,nan,nan,0,0.01578688621520996,10278.068479061127,0.8552563190460205,107.84498715400696,0.005017995834350586,70.74528503417969
sweep_o2_cmd_ucb1_ch6_s42,10,1.0,0.0,28.6,0.30550504633038933,0.0,0.0,nan,nan,nan,nan,nan,nan,nan,nan,0,0.013689041137695312,10961.149031877518,0.8784596920013428,104.81176090240479,0.0056285858154296875,70.09254097938538
sweep_o2_cmd_ucb_ch7_s42,10,1.0,0.0,28.6,0.30550504633038933,0.0,0.0,nan,nan,nan,nan,nan,nan,nan,nan,0,0.017072200775146484,14717.100261449814,0.9397308826446533,89.35722184181213,0.005313873291015625,114.18828821182251
sweep_o2_cmd_ucb_lam0_ch7_s42,10,1.0,0.0,28.6,0.30550504633038933,0.0,0.0,nan,nan,nan,nan,nan,nan,nan,nan,0,0.025461912155151367,17417.42822241783,0.9531362056732178,105.15058970451355,0.005156278610229492,102.13499999046326
sweep_o2_cmd_unif_ch6_s42,10,1.0,0.0,28.6,0.30550504633038933,0.0,0.0,nan,nan,nan,nan,nan,nan,nan,nan,0,0.026199817657470703,10736.90028834343,0.8407247066497803,102.97081923484802,0.00518488883972168,72.19449973106384
sweep_o2_cmd_unif_ch7_s42,10,1.0,0.0,28.6,0.30550504633038933,0.0,0.0,nan,nan,nan,nan,nan,nan,nan,nan,0,0.026591777801513672,18914.014819145203,0.9291036128997803,104.01675057411194,0.004637479782104492,114.3078100681305
sweep_o2_crl_ch5_s42,10,1.0,0.0,22.4,1.8808981306221177,0.5,0.15811388300841897,nan,nan,nan,nan,nan,nan,nan,nan,0,0.010684490203857422,3049.0548071861267,1.9414947032928467,433.40637397766113,0.0046613216400146484,84.93236017227173
sweep_o2_crl_nograd_ch7_s42,10,1.0,0.0,28.6,0.30550504633038933,0.0,0.0,nan,nan,nan,nan,nan,nan,nan,nan,0,0.014235734939575195,10874.013579845428,1.3224403858184814,87.18612623214722,0.005349397659301758,139.4579677581787
sweep_o2_crl_nores_ch7_s42,10,1.0,0.0,28.6,0.30550504633038933,0.0,0.0,nan,nan,nan,nan,nan,nan,nan,nan,0,0.016654253005981445,3086.652561903,1.1561617851257324,51.86236500740051,0.004911661148071289,75.29679250717163
sweep_o2_crl_ucb01_ch6_s42,10,1.0,0.0,28.6,0.30550504633038933,0.0,0.0,nan,nan,nan,nan,nan,nan,nan,nan,0,0.025197982788085938,5144.488082408905,1.1719880104064941,82.55745887756348,0.005105257034301758,90.36332821846008
sweep_o2_crl_ucb100_ch6_s42,10,1.0,0.0,28.6,0.30550504633038933,0.0,0.0,nan,nan,nan,nan,nan,nan,nan,nan,0,0.011951446533203125,6179.181333065033,1.1418426036834717,101.62025952339172,0.005327939987182617,60.08124613761902
sweep_o2_crl_ucb1_ch6_s42,10,1.0,0.0,28.6,0.30550504633038933,0.0,0.0,nan,nan,nan,nan,nan,nan,nan,nan,0,0.0849909782409668,5496.735598087311,1.1295030117034912,96.33866453170776,0.004836320877075195,49.16616439819336
sweep_o2_crl_ucb_ch7_s42,10,1.0,0.0,28.6,0.30550504633038933,0.0,0.0,nan,nan,nan,nan,nan,nan,nan,nan,0,0.030489683151245117,13185.688156366348,1.29718017578125,106.92896556854248,0.004849672317504883,113.47874474525452
sweep_o2_crl_ucb_lam0_ch7_s42,10,1.0,0.0,28.6,0.30550504633038933,0.0,0.0,nan,nan,nan,nan,nan,nan,nan,nan,0,0.02547454833984375,8909.054616451263,1.3581182956695557,72.81913924217224,0.0048902034759521484,109.28619503974915
sweep_o2_crl_unif_ch6_s42,10,1.0,0.0,28.6,0.30550504633038933,0.0,0.0,nan,nan,nan,nan,nan,nan,nan,nan,0,0.01610279083251953,5987.757857561111,1.1636154651641846,103.31430172920227,0.0047283172607421875,68.71959185600281
sweep_o2_crl_unif_ch7_s42,10,1.0,0.0,28.6,0.30550504633038933,0.0,0.0,nan,nan,nan,nan,nan,nan,nan,nan,0,0.024738311767578125,16224.623506784439,1.3026506900787354,115.26072835922241,0.004777669906616211,111.97694063186646
sweep_o2_dsac_ch5_s42,10,1.0,0.0,25.5,1.0137937550497031,0.5,0.15811388300841897,nan,nan,nan,nan,nan,nan,nan,nan,0,0.0117034912109375,4689.941922187805,0.36423611640930176,280.8122935295105,0.004558563232421875,78.25357699394226
sweep_o2_dsac_nograd_ch7_s42,10,1.0,0.0,28.6,0.30550504633038933,0.0,0.0,nan,nan,nan,nan,nan,nan,nan,nan,0,0.016257286071777344,3681.8605008125305,0.12208080291748047,1.4013426303863525,0.0055353641510009766,99.29246115684509
sweep_o2_dsac_nores_ch7_s42,10,1.0,0.0,28.6,0.30550504633038933,0.0,0.0,nan,nan,nan,nan,nan,nan,nan,nan,0,0.016676902770996094,2200.99515914917,0.0921180248260498,1.078763484954834,0.004914045333862305,36.873939990997314
sweep_o2_dsac_ucb01_ch6_s42,10,1.0,0.0,28.6,0.30550504633038933,0.0,0.0,nan,nan,nan,nan,nan,nan,nan,nan,0,0.025168895721435547,8628.492186069489,0.10066938400268555,0.8612818717956543,0.0047435760498046875,62.19877552986145
sweep_o2_dsac_ucb100_ch6_s42,10,1.0,0.0,28.0,0.5773502691896257,0.2,0.1264911064067352,nan,nan,nan,nan,nan,nan,nan,nan,0,0.01361703872680664,9304.352070569992,0.10181856155395508,0.8569481372833252,0.004675626754760742,67.44714283943176
sweep_o2_dsac_ucb1_ch6_s42,10,1.0,0.0,28.2,0.4666666666666666,0.2,0.1264911064067352,nan,nan,nan,nan,nan,nan,nan,nan,0,0.0850212574005127,8240.247624397278,0.09692215919494629,0.7970871925354004,0.0047075748443603516,67.96515727043152
sweep_o2_dsac_ucb_ch7_s42,10,1.0,0.0,28.6,0.30550504633038933,0.0,0.0,nan,nan,nan,nan,nan,nan,nan,nan,0,0.030412912368774414,12364.685773849487,0.1267392635345459,1.0173931121826172,0.004606485366821289,98.10625505447388
sweep_o2_dsac_ucb_lam0_ch7_s42,10,1.0,0.0,28.6,0.30550504633038933,0.0,0.0,nan,nan,nan,nan,nan,nan,nan,nan,0,0.00896143913269043,2814.1192893981934,0.10392332077026367,1.165710687637329,0.0048236846923828125,99.98068833351135
sweep_o2_dsac_unif_ch6_s42,10,1.0,0.0,27.0,1.2018504251546631,0.2,0.1264911064067352,nan,nan,nan,nan,nan,nan,nan,nan,0,0.02524733543395996,9205.32401061058,0.09868574142456055,0.7884910106658936,0.004774570465087891,68.50301265716553
sweep_o2_dsac_unif_ch7_s42,10,1.0,0.0,28.6,0.30550504633038933,0.0,0.0,nan,nan,nan,nan,nan,nan,nan,nan,0,0.008472919464111328,12691.263957500458,0.10996198654174805,1.024240493774414,0.004662513732910156,102.54828095436096
sweep_o2_none_ch5_s42,10,1.0,0.0,25.0,0.3333333333333333,1.0,0.0,nan,nan,nan,nan,nan,nan,nan,nan,0,0.01697087287902832,0.04908895492553711,0.07367730140686035,405.7745900154114,0.005131959915161133,104.94137597084045
sweep_o2_pure_plan_ch5_s42,10,1.0,0.0,28.6,0.30550504633038933,0.0,0.0,nan,nan,nan,nan,nan,nan,nan,nan,0,0.016964435577392578,0.04935598373413086,0.00016689300537109375,0.005877494812011719,2.0503997802734375e-05,0.5435853004455566
sweep_o2_routs_ch5_s42,10,1.0,0.0,21.9,0.348010216963685,1.0,0.0,nan,nan,nan,nan,nan,nan,nan,nan,0,0.01703047752380371,378.8397545814514,0.0006520748138427734,360.7000901699066,0.0050506591796875,67.53458595275879
sweep_o2_sac_ch5_s42,10,1.0,0.0,22.4,1.8808981306221177,0.5,0.15811388300841897,nan,nan,nan,nan,nan,nan,nan,nan,0,0.02519512176513672,4383.691572666168,0.42027878761291504,294.07707238197327,0.0046100616455078125,54.371628522872925
sweep_o2_sac_nograd_ch7_s42,10,1.0,0.0,28.6,0.30550504633038933,0.0,0.0,nan,nan,nan,nan,nan,nan,nan,nan,0,0.01411890983581543,2454.9530403614044,0.18666481971740723,1.1525707244873047,0.004816293716430664,152.26949739456177
sweep_o2_sac_nores_ch7_s42,10,1.0,0.0,28.6,0.30550504633038933,0.0,0.0,nan,nan,nan,nan,nan,nan,nan,nan,0,0.014199495315551758,1971.8402342796326,0.1775963306427002,1.174790859222412,0.0050258636474609375,52.26050591468811
sweep_o2_sac_ucb01_ch6_s42,10,1.0,0.0,27.0,1.2018504251546631,0.2,0.1264911064067352,nan,nan,nan,nan,nan,nan,nan,nan,0,0.08521485328674316,8346.43103671074,0.18456363677978516,0.834636926651001,0.0047991275787353516,66.19529318809509
sweep_o2_sac_ucb100_ch6_s42,10,1.0,0.0,28.6,0.30550504633038933,0.0,0.0,nan,nan,nan,nan,nan,nan,nan,nan,0,0.01361703872680664,8886.334146976471,0.19039607048034668,0.8745465278625488,0.004739046096801758,65.18257188796997
sweep_o2_sac_ucb1_ch6_s42,10,1.0,0.0,27.4,0.9451631252505217,0.2,0.1264911064067352,nan,nan,nan,nan,nan,nan,nan,nan,0,0.08501744270324707,7609.562365055084,0.18359589576721191,0.5944192409515381,0.0046710968017578125,46.687779664993286
sweep_o2_sac_ucb_ch7_s42,10,1.0,0.0,28.6,0.30550504633038933,0.0,0.0,nan,nan,nan,nan,nan,nan,nan,nan,0,0.012527942657470703,17488.728148698807,0.20132732391357422,1.0648841857910156,0.004603385925292969,169.16552257537842
sweep_o2_sac_ucb_lam0_ch7_s42,10,1.0,0.0,28.6,0.30550504633038933,0.0,0.0,nan,nan,nan,nan,nan,nan,nan,nan,0,0.02545619010925293,2408.7627186775208,0.2070319652557373,1.194232702255249,0.004661083221435547,54.38259148597717
sweep_o2_sac_unif_ch6_s42,10,1.0,0.0,28.6,0.30550504633038933,0.0,0.0,nan,nan,nan,nan,nan,nan,nan,nan,0,0.025222063064575195,8730.8964676857,0.18298673629760742,0.8246021270751953,0.004766702651977539,73.47157692909241
sweep_o2_sac_unif_ch7_s42,10,1.0,0.0,24.0,0.6666666666666666,1.0,0.0,nan,nan,nan,nan,nan,nan,nan,nan,0,0.026322126388549805,18351.519012451172,0.2016749382019043,1.0972743034362793,0.004700183868408203,101.25784230232239
sweep_o2_srouts_ch5_s42,10,1.0,0.0,22.4,0.9333333333333332,1.0,0.0,nan,nan,nan,nan,nan,nan,nan,nan,0,0.01698756217956543,372.5853431224823,0.01993417739868164,317.6238486766815,0.0051004886627197266,33.82791352272034
sweep_ot_cmd_ch5_s42,10,1.0,0.0,239.3,8.966666666666667,0.0,0.0,nan,nan,nan,nan,nan,nan,nan,nan,0,0.0,0.0,0.0,13.020619630813599,0.13554024696350098,8750.400999069214
sweep_ot_cmd_nores_ch7_s42,10,1.0,0.0,237.9,9.657984606876667,0.0,0.0,nan,nan,nan,nan,nan,nan,nan,nan,0,0.0,0.0,0.0,12.815991163253784,0.14468622207641602,9346.441082000732
sweep_ot_cmd_ucb100_ch6_s42,10,1.0,0.0,231.7,9.58128963715799,0.0,0.0,nan,nan,nan,nan,nan,nan,nan,nan,0,0.0,0.0,0.0,12.351942777633667,0.14097809791564941,7758.120321035385
sweep_ot_cmd_ucb1_ch6_s42,10,1.0,0.0,241.0,10.165300454651272,0.0,0.0,nan,nan,nan,nan,nan,nan,nan,nan,0,0.0,0.0,0.0,12.79949140548706,0.1438446044921875,9193.39850449562
sweep_ot_cmd_unif_ch6_s42,10,1.0,0.0,238.0,7.211102550927977,0.0,0.0,nan,nan,nan,nan,nan,nan,nan,nan,0,0.0,0.0,0.0,12.724831104278564,0.14253497123718262,8681.672358989716
sweep_ot_crl_ch5_s42,10,1.0,0.0,221.8,5.343323975870367,0.0,0.0,nan,nan,nan,nan,nan,nan,nan,nan,0,0.0,0.0,0.0,15.58247423171997,0.13984894752502441,5446.145352840424
sweep_ot_crl_nores_ch7_s42,10,1.0,0.0,232.0,5.545769158156112,0.0,0.0,nan,nan,nan,nan,nan,nan,nan,nan,0,0.0,0.0,0.0,12.627280473709106,0.13803482055664062,6755.6036212444305
sweep_ot_crl_ucb100_ch6_s42,10,1.0,0.0,231.5,3.600154317680162,0.0,0.0,nan,nan,nan,nan,nan,nan,nan,nan,0,0.0,0.0,0.0,12.75367522239685,0.13876104354858398,5829.178124189377
sweep_ot_crl_ucb1_ch6_s42,10,1.0,0.0,249.7,12.391798362895786,0.0,0.0,nan,nan,nan,nan,nan,nan,nan,nan,0,0.0,0.0,0.0,12.446653604507446,0.14070916175842285,7661.480205774307
sweep_ot_crl_unif_ch6_s42,10,1.0,0.0,229.5,10.370095895838615,0.0,0.0,nan,nan,nan,nan,nan,nan,nan,nan,0,0.0,0.0,0.0,12.962943315505981,0.1397716999053955,5580.886362314224
sweep_ot_dsac_ch5_s42,10,1.0,0.0,256.7,12.26924791682214,0.1,0.09486832980505139,nan,nan,nan,nan,nan,nan,nan,nan,0,0.0,0.0,0.0,15.436795234680176,0.13828420639038086,6035.310040473938
sweep_ot_dsac_nores_ch7_s42,10,1.0,0.0,233.8,10.533333333333333,0.0,0.0,nan,nan,nan,nan,nan,nan,nan,nan,0,0.0,0.0,0.0,12.910312414169312,0.1444261074066162,7293.539165496826
sweep_ot_dsac_ucb100_ch6_s42,10,1.0,0.0,227.3,6.762724631717933,0.0,0.0,nan,nan,nan,nan,nan,nan,nan,nan,0,0.0,0.0,0.0,12.9062819480896,0.13576221466064453,4945.983566522598
sweep_ot_dsac_ucb1_ch6_s42,10,1.0,0.0,219.1,4.420784244150955,0.0,0.0,nan,nan,nan,nan,nan,nan,nan,nan,0,0.0,0.0,0.0,13.465513706207275,0.1439821720123291,6979.78596329689
sweep_ot_dsac_unif_ch6_s42,10,1.0,0.0,223.9,8.217123043444774,0.0,0.0,nan,nan,nan,nan,nan,nan,nan,nan,0,0.0,0.0,0.0,12.49010157585144,0.13980603218078613,4976.664694309235
sweep_ot_none_ch5_s42,10,1.0,0.0,230.2,6.672996994521194,0.0,0.0,nan,nan,nan,nan,nan,nan,nan,nan,0,0.0,0.0,0.0,12.897479772567749,0.13849902153015137,6042.427468061447
sweep_ot_pure_plan_ch5_s42,10,1.0,0.0,234.1,9.994943165865871,0.0,0.0,nan,nan,nan,nan,nan,nan,nan,nan,0,0.0,0.0,0.0,11.180036067962646,2.384185791015625e-05,5609.343024492264
sweep_ot_routs_ch5_s42,10,1.0,0.0,241.4,8.652809434577367,0.0,0.0,nan,nan,nan,nan,nan,nan,nan,nan,0,0.0,0.0,0.0,11.91627836227417,1.2287864685058594,6867.843076944351
sweep_ot_sac_ch5_s42,10,1.0,0.0,239.9,7.431838414700782,0.0,0.0,nan,nan,nan,nan,nan,nan,nan,nan,0,0.0,0.0,0.0,12.86337399482727,0.13737249374389648,6397.23010969162
sweep_ot_sac_nores_ch7_s42,10,1.0,0.0,243.2,10.997777553265529,0.0,0.0,nan,nan,nan,nan,nan,nan,nan,nan,0,0.0,0.0,0.0,13.17740511894226,0.14311695098876953,6492.993105888367
sweep_ot_sac_ucb100_ch6_s42,10,1.0,0.0,249.9,12.508175104484446,0.0,0.0,nan,nan,nan,nan,nan,nan,nan,nan,0,0.0,0.0,0.0,13.208322525024414,0.1366419792175293,6494.197768688202
sweep_ot_sac_ucb1_ch6_s42,10,1.0,0.0,250.1,8.842385299102146,0.0,0.0,nan,nan,nan,nan,nan,nan,nan,nan,0,0.0,0.0,0.0,13.750630855560303,0.14021015167236328,6474.759480476379
sweep_ot_sac_unif_ch6_s42,10,1.0,0.0,225.0,5.479253801588518,0.0,0.0,nan,nan,nan,nan,nan,nan,nan,nan,0,0.0,0.0,0.0,13.848931550979614,0.1374821662902832,5057.604143381119
sweep_ot_srouts_ch5_s42,10,1.0,0.0,246.0,5.585696017507576,0.0,0.0,nan,nan,nan,nan,nan,nan,nan,nan,0,0.0,0.0,0.0,10.486466884613037,1.0205347537994385,6914.799396753311
